Id,X,Y,Range,Battery,Energy use out,Parent,Send tries,Send fails,Send success rate,Battery average,Lifetime
s1,5,5,100,0.00,10,r1,4,19687,-492075.00,0.016248603635625063,4
s2,10,10,100,9.50,10,r1,4,19687,-492075.00,5.015919268380775,4
